Race (OMB),Age,Weight (kg),Height (cm),Gender,Amiodarone (Cordarone),Aspirin,Simvastatin (Zocor),Acetaminophen or Paracetamol (Tylenol),Was Dose of Acetaminophen or Paracetamol (Tylenol) >1300mg/day,Atorvastatin (Lipitor),Fluvastatin (Lescol),Lovastatin (Mevacor),Pravastatin (Pravachol),Rosuvastatin (Crestor),Cerivastatin (Baycol),Carbamazepine (Tegretol),Phenytoin (Dilantin),Rifampin or Rifampicin,Sulfonamide Antibiotics,Macrolide Antibiotics,Anti-fungal Azoles,"Herbal Medications, Vitamins, Supplements",Diabetes,Valve Replacement,Congestive Heart Failure and/or Cardiomyopathy,INR on Reported Therapeutic Dose of Warfarin,Therapeutic Dose of Warfarin,CYP2C9 consensus,VKORC1 -1639 consensus,VKORC1 497 consensus,VKORC1 1173 consensus,VKORC1 1542 consensus,VKORC1 3730 consensus,VKORC1 2255 consensus,VKORC1 -4451 consensus
Black or African American,60 - 69,60.9,168.2,female,0.0,0.0,0.0,0.0,,0.0,0.0,0.0,,1.0,,0.0,,0.0,0.0,1.0,0.0,0.0,0.0,0.0,1.0,2.44,23.32,*2/*2,A/A,G/G,T/T,C/C,G/G,T/T,C/C
Unknown,60 - 69,61.0,181.4,female,0.0,0.0,0.0,0.0,0.0,0.0,0.0,0.0,0.0,1.0,,0.0,0.0,1.0,0.0,,1.0,0.0,,,0.0,2.12,58.63,*1/*1,A/A,G/G,C/T,G/G,G/G,T/T,C/A
White,60 - 69,68.3,158.0,female,,1.0,0.0,0.0,0.0,0.0,1.0,1.0,0.0,0.0,0.0,1.0,,0.0,,0.0,0.0,0.0,1.0,0.0,0.0,2.5,49.88,*2/*2,A/A,G/G,C/C,C/G,A/G,T/T,C/C
Black or African American,80 - 89,81.5,170.6,female,0.0,0.0,0.0,0.0,0.0,1.0,0.0,0.0,,1.0,0.0,1.0,0.0,,0.0,0.0,0.0,0.0,1.0,1.0,0.0,2.03,57.28,*1/*1,G/G,G/T,T/T,G/G,A/G,C/C,C/A
Black or African American,70 - 79,75.9,173.7,male,0.0,0.0,0.0,0.0,0.0,0.0,0.0,1.0,,1.0,0.0,0.0,0.0,0.0,0.0,0.0,0.0,1.0,0.0,0.0,1.0,2.91,55.27,*1/*2,A/A,G/G,C/C,G/G,A/G,T/T,C/A
Unknown,60 - 69,67.5,151.9,female,1.0,0.0,0.0,0.0,0.0,,1.0,0.0,0.0,,0.0,0.0,0.0,0.0,0.0,0.0,0.0,0.0,0.0,0.0,0.0,2.26,41.91,*1/*3,A/A,G/G,C/T,C/C,G/G,T/T,C/A
White,80 - 89,86.7,174.3,male,0.0,,0.0,1.0,0.0,0.0,1.0,0.0,1.0,1.0,,0.0,0.0,1.0,0.0,0.0,0.0,0.0,0.0,0.0,0.0,2.66,56.48,*1/*1,A/A,G/T,C/C,G/G,G/G,C/C,C/C
White,50 - 59,58.4,156.8,female,0.0,0.0,0.0,0.0,0.0,1.0,0.0,0.0,0.0,0.0,0.0,0.0,1.0,1.0,0.0,0.0,0.0,0.0,0.0,0.0,0.0,2.31,18.98,*2/*2,G/G,G/G,T/T,C/C,G/G,T/T,C/C
Black or African American,70 - 79,67.5,152.6,female,0.0,0.0,0.0,,0.0,1.0,0.0,0.0,0.0,0.0,0.0,0.0,0.0,,0.0,0.0,0.0,0.0,0.0,0.0,0.0,2.52,23.82,*1/*2,A/A,G/G,T/T,G/G,A/G,C/C,C/C
Asian,50 - 59,72.0,188.0,female,0.0,0.0,0.0,0.0,0.0,0.0,,0.0,1.0,0.0,0.0,0.0,0.0,0.0,0.0,1.0,0.0,0.0,1.0,,0.0,2.55,17.04,*1/*1,A/A,G/G,C/T,C/G,G/G,C/T,C/C
